0,0,0,0.5,0.5,0,0,-0,0.5,0,0
0,0,0,0.5,0.5,0,0,-0,0.5,0,0
0.05,0.02499,0.00062487,0.5,0.49938,0.02499,0,-0.02499,0.49938,0,0
0.1,0.049917,0.0024979,0.5,0.4975,0.049917,0,-0.049917,0.4975,0,0
0.15,0.074719,0.0056145,0.5,0.49439,0.074719,0,-0.074719,0.49439,0,0
0.2,0.099335,0.0099667,0.5,0.49003,0.099335,0,-0.099335,0.49003,0,0
0.25,0.1237,0.015544,0.5,0.48446,0.1237,0,-0.1237,0.48446,0,0
0.3,0.14776,0.022332,0.5,0.47767,0.14776,0,-0.14776,0.47767,0,0
0.35,0.17145,0.030314,0.5,0.46969,0.17145,0,-0.17145,0.46969,0,0
0.4,0.19471,0.03947,0.5,0.46053,0.19471,0,-0.19471,0.46053,0,0
0.45,0.21748,0.049776,0.5,0.45022,0.21748,0,-0.21748,0.45022,0,0
0.5,0.23971,0.061209,0.5,0.43879,0.23971,0,-0.23971,0.43879,0,0
0.55,0.26134,0.073738,0.5,0.42626,0.26134,0,-0.26134,0.42626,0,0
0.6,0.28232,0.087332,0.5,0.41267,0.28232,0,-0.28232,0.41267,0,0
0.65,0.30259,0.10196,0.5,0.39804,0.30259,0,-0.30259,0.39804,0,0
0.7,0.32211,0.11758,0.5,0.38242,0.32211,0,-0.32211,0.38242,0,0
0.75,0.34082,0.13416,0.5,0.36584,0.34082,0,-0.34082,0.36584,0,0
0.8,0.35868,0.15165,0.5,0.34835,0.35868,0,-0.35868,0.34835,0,0
0.85,0.37564,0.17001,0.5,0.32999,0.37564,0,-0.37564,0.32999,0,0
0.9,0.39166,0.1892,0.5,0.3108,0.39166,0,-0.39166,0.3108,0,0
0.95,0.40671,0.20916,0.5,0.29084,0.40671,0,-0.40671,0.29084,0,0
1,0.42074,0.22985,0.5,0.27015,0.42074,0,-0.42074,0.27015,0,0
1.05,0.43371,0.25121,0.5,0.24879,0.43371,0,-0.43371,0.24879,0,0
1.1,0.4456,0.2732,0.5,0.2268,0.4456,0,-0.4456,0.2268,0,0
1.15,0.45638,0.29576,0.5,0.20424,0.45638,0,-0.45638,0.20424,0,0
1.2,0.46602,0.31882,0.5,0.18118,0.46602,0,-0.46602,0.18118,0,0
1.25,0.47449,0.34234,0.5,0.15766,0.47449,0,-0.47449,0.15766,0,0
1.3,0.48178,0.36625,0.5,0.13375,0.48178,0,-0.48178,0.13375,0,0
1.35,0.48786,0.3905,0.5,0.1095,0.48786,0,-0.48786,0.1095,0,0
1.4,0.49272,0.41502,0.5,0.084984,0.49272,0,-0.49272,0.084984,0,0
1.45,0.49636,0.43975,0.5,0.060251,0.49636,0,-0.49636,0.060251,0,0
1.5,0.49875,0.46463,0.5,0.035369,0.49875,0,-0.49875,0.035369,0,0
1.55,0.49989,0.4896,0.5,0.010397,0.49989,0,-0.49989,0.010397,0,0
1.6,0.49979,0.5146,0.5,-0.0146,0.49979,0,-0.49979,-0.0146,0,0
1.65,0.49843,0.53956,0.5,-0.03956,0.49843,0,-0.49843,-0.03956,0,0
1.7,0.49583,0.56442,0.5,-0.064422,0.49583,0,-0.49583,-0.064422,0,0
1.75,0.49199,0.58912,0.5,-0.089123,0.49199,0,-0.49199,-0.089123,0,0
1.8,0.48692,0.6136,0.5,-0.1136,0.48692,0,-0.48692,-0.1136,0,0
1.85,0.48064,0.6378,0.5,-0.1378,0.48064,0,-0.48064,-0.1378,0,0
1.9,0.47315,0.66164,0.5,-0.16164,0.47315,0,-0.47315,-0.16164,0,0
1.95,0.46448,0.68509,0.5,-0.18509,0.46448,0,-0.46448,-0.18509,0,0
2,0.45465,0.70807,0.5,-0.20807,0.45465,0,-0.45465,-0.20807,0,0
2.05,0.44368,0.73054,0.5,-0.23054,0.44368,0,-0.44368,-0.23054,0,0
2.1,0.4316,0.75242,0.5,-0.25242,0.4316,0,-0.4316,-0.25242,0,0
2.15,0.41845,0.77368,0.5,-0.27368,0.41845,0,-0.41845,-0.27368,0,0
2.2,0.40425,0.79425,0.5,-0.29425,0.40425,0,-0.40425,-0.29425,0,0
2.25,0.38904,0.81409,0.5,-0.31409,0.38904,0,-0.38904,-0.31409,0,0
2.3,0.37285,0.83314,0.5,-0.33314,0.37285,0,-0.37285,-0.33314,0,0
2.35,0.35574,0.85136,0.5,-0.35136,0.35574,0,-0.35574,-0.35136,0,0
2.4,0.33773,0.8687,0.5,-0.3687,0.33773,0,-0.33773,-0.3687,0,0
2.45,0.31888,0.88512,0.5,-0.38512,0.31888,0,-0.31888,-0.38512,0,0
2.5,0.29924,0.90057,0.5,-0.40057,0.29924,0,-0.29924,-0.40057,0,0
2.55,0.27884,0.91503,0.5,-0.41503,0.27884,0,-0.27884,-0.41503,0,0
2.6,0.25775,0.92844,0.5,-0.42844,0.25775,0,-0.25775,-0.42844,0,0
2.65,0.23602,0.94079,0.5,-0.44079,0.23602,0,-0.23602,-0.44079,0,0
2.7,0.21369,0.95204,0.5,-0.45204,0.21369,0,-0.21369,-0.45204,0,0
2.75,0.19083,0.96215,0.5,-0.46215,0.19083,0,-0.19083,-0.46215,0,0
2.8,0.16749,0.97111,0.5,-0.47111,0.16749,0,-0.16749,-0.47111,0,0
2.85,0.14374,0.97889,0.5,-0.47889,0.14374,0,-0.14374,-0.47889,0,0
2.9,0.11962,0.98548,0.5,-0.48548,0.11962,0,-0.11962,-0.48548,0,0
2.95,0.095211,0.99085,0.5,-0.49085,0.095211,0,-0.095211,-0.49085,0,0
3,0.07056,0.995,0.5,-0.495,0.07056,0,-0.07056,-0.495,0,0
3.05,0.045732,0.9979,0.5,-0.4979,0.045732,0,-0.045732,-0.4979,0,0
3.1,0.02079,0.99957,0.5,-0.49957,0.02079,0,-0.02079,-0.49957,0,0
3.15,-0.0042036,0.99998,0.5,-0.49998,-0.0042036,0,0.0042036,-0.49998,0,0
3.2,-0.029187,0.99915,0.5,-0.49915,-0.029187,0,0.029187,-0.49915,0,0
3.25,-0.054098,0.99706,0.5,-0.49706,-0.054098,0,0.054098,-0.49706,0,0
3.3,-0.078873,0.99374,0.5,-0.49374,-0.078873,0,0.078873,-0.49374,0,0
3.35,-0.10345,0.98918,0.5,-0.48918,-0.10345,0,0.10345,-0.48918,0,0
3.4,-0.12777,0.9834,0.5,-0.4834,-0.12777,0,0.12777,-0.4834,0,0
3.45,-0.15177,0.97641,0.5,-0.47641,-0.15177,0,0.15177,-0.47641,0,0
3.5,-0.17539,0.96823,0.5,-0.46823,-0.17539,0,0.17539,-0.46823,0,0
3.55,-0.19857,0.95888,0.5,-0.45888,-0.19857,0,0.19857,-0.45888,0,0
3.6,-0.22126,0.94838,0.5,-0.44838,-0.22126,0,0.22126,-0.44838,0,0
3.65,-0.24339,0.93676,0.5,-0.43676,-0.24339,0,0.24339,-0.43676,0,0
3.7,-0.26492,0.92405,0.5,-0.42405,-0.26492,0,0.26492,-0.42405,0,0
3.75,-0.28578,0.91028,0.5,-0.41028,-0.28578,0,0.28578,-0.41028,0,0
3.8,-0.30593,0.89548,0.5,-0.39548,-0.30593,0,0.30593,-0.39548,0,0
3.85,-0.32531,0.8797,0.5,-0.3797,-0.32531,0,0.32531,-0.3797,0,0
3.9,-0.34388,0.86297,0.5,-0.36297,-0.34388,0,0.34388,-0.36297,0,0
3.95,-0.36159,0.84533,0.5,-0.34533,-0.36159,0,0.36159,-0.34533,0,0
4,-0.3784,0.82682,0.5,-0.32682,-0.3784,0,0.3784,-0.32682,0,0
4.05,-0.39426,0.8075,0.5,-0.3075,-0.39426,0,0.39426,-0.3075,0,0
4.1,-0.40914,0.78741,0.5,-0.28741,-0.40914,0,0.40914,-0.28741,0,0
4.15,-0.42299,0.7666,0.5,-0.2666,-0.42299,0,0.42299,-0.2666,0,0
4.2,-0.43579,0.74513,0.5,-0.24513,-0.43579,0,0.43579,-0.24513,0,0
4.25,-0.44749,0.72304,0.5,-0.22304,-0.44749,0,0.44749,-0.22304,0,0
4.3,-0.45808,0.7004,0.5,-0.2004,-0.45808,0,0.45808,-0.2004,0,0
4.35,-0.46753,0.67725,0.5,-0.17725,-0.46753,0,0.46753,-0.17725,0,0
4.4,-0.4758,0.65367,0.5,-0.15367,-0.4758,0,0.4758,-0.15367,0,0
4.45,-0.48289,0.62969,0.5,-0.12969,-0.48289,0,0.48289,-0.12969,0,0
4.5,-0.48877,0.6054,0.5,-0.1054,-0.48877,0,0.48877,-0.1054,0,0
4.55,-0.49342,0.58084,0.5,-0.080838,-0.49342,0,0.49342,-0.080838,0,0
4.6,-0.49685,0.55608,0.5,-0.056076,-0.49685,0,0.49685,-0.056076,0,0
4.65,-0.49903,0.53117,0.5,-0.031174,-0.49903,0,0.49903,-0.031174,0,0
4.7,-0.49996,0.50619,0.5,-0.0061943,-0.49996,0,0.49996,-0.0061943,0,0
4.75,-0.49965,0.4812,0.5,0.018801,-0.49965,0,0.49965,0.018801,0,0
4.8,-0.49808,0.45625,0.5,0.043749,-0.49808,0,0.49808,0.043749,0,0
4.85,-0.49527,0.43141,0.5,0.068589,-0.49527,0,0.49527,0.068589,0,0
4.9,-0.49123,0.40674,0.5,0.093256,-0.49123,0,0.49123,0.093256,0,0
4.95,-0.48595,0.38231,0.5,0.11769,-0.48595,0,0.48595,0.11769,0,0
5,-0.47946,0.35817,0.5,0.14183,-0.47946,0,0.47946,0.14183,0,0
5.05,-0.47177,0.33438,0.5,0.16562,-0.47177,0,0.47177,0.16562,0,0
5.1,-0.46291,0.31101,0.5,0.18899,-0.46291,0,0.46291,0.18899,0,0
5.15,-0.45288,0.28811,0.5,0.21189,-0.45288,0,0.45288,0.21189,0,0
5.2,-0.44173,0.26574,0.5,0.23426,-0.44173,0,0.44173,0.23426,0,0
5.25,-0.42947,0.24396,0.5,0.25604,-0.42947,0,0.42947,0.25604,0,0
5.3,-0.41613,0.22281,0.5,0.27719,-0.41613,0,0.41613,0.27719,0,0
5.35,-0.40176,0.20236,0.5,0.29764,-0.40176,0,0.40176,0.29764,0,0
5.4,-0.38638,0.18265,0.5,0.31735,-0.38638,0,0.38638,0.31735,0,0
5.45,-0.37004,0.16374,0.5,0.33626,-0.37004,0,0.37004,0.33626,0,0
5.5,-0.35277,0.14567,0.5,0.35433,-0.35277,0,0.35277,0.35433,0,0
5.55,-0.33462,0.12848,0.5,0.37152,-0.33462,0,0.33462,0.37152,0,0
5.6,-0.31563,0.11222,0.5,0.38778,-0.31563,0,0.31563,0.38778,0,0
5.65,-0.29586,0.096927,0.5,0.40307,-0.29586,0,0.29586,0.40307,0,0
5.7,-0.27534,0.082644,0.5,0.41736,-0.27534,0,0.27534,0.41736,0,0
5.75,-0.25414,0.069404,0.5,0.4306,-0.25414,0,0.25414,0.4306,0,0
5.8,-0.2323,0.05724,0.5,0.44276,-0.2323,0,0.2323,0.44276,0,0
5.85,-0.20988,0.046183,0.5,0.45382,-0.20988,0,0.20988,0.45382,0,0
5.9,-0.18694,0.036261,0.5,0.46374,-0.18694,0,0.18694,0.46374,0,0
5.95,-0.16353,0.027497,0.5,0.4725,-0.16353,0,0.16353,0.4725,0,0
6,-0.13971,0.019915,0.5,0.48009,-0.13971,0,0.13971,0.48009,0,0
6.05,-0.11554,0.013532,0.5,0.48647,-0.11554,0,0.11554,0.48647,0,0
6.1,-0.091081,0.0083658,0.5,0.49163,-0.091081,0,0.091081,0.49163,0,0
6.15,-0.066396,0.004428,0.5,0.49557,-0.066396,0,0.066396,0.49557,0,0
6.2,-0.041545,0.001729,0.5,0.49827,-0.041545,0,0.041545,0.49827,0,0
6.25,-0.01659,0.00027529,0.5,0.49972,-0.01659,0,0.01659,0.49972,0,0
6.3,0.008407,-7.0682e-05,0.5,0.49993,-0.008407,0,-0.008407,-0.49993,0,0
6.35,0.033382,-0.0011156,0.5,0.49888,-0.033382,0,-0.033382,-0.49888,0,0
6.4,0.058275,-0.0034075,0.5,0.49659,-0.058275,0,-0.058275,-0.49659,0,0
6.45,0.083021,-0.0069407,0.5,0.49306,-0.083021,0,-0.083021,-0.49306,0,0
6.5,0.10756,-0.011706,0.5,0.48829,-0.10756,0,-0.10756,-0.48829,0,0
6.55,0.13183,-0.017692,0.5,0.48231,-0.13183,0,-0.13183,-0.48231,0,0
6.6,0.15577,-0.024884,0.5,0.47512,-0.15577,0,-0.15577,-0.47512,0,0
6.65,0.17932,-0.033263,0.5,0.46674,-0.17932,0,-0.17932,-0.46674,0,0
6.7,0.20242,-0.042808,0.5,0.45719,-0.20242,0,-0.20242,-0.45719,0,0
6.75,0.22502,-0.053497,0.5,0.4465,-0.22502,0,-0.22502,-0.4465,0,0
6.8,0.24706,-0.065301,0.5,0.4347,-0.24706,0,-0.24706,-0.4347,0,0
6.85,0.26847,-0.078192,0.5,0.42181,-0.26847,0,-0.26847,-0.42181,0,0
6.9,0.28922,-0.092137,0.5,0.40786,-0.28922,0,-0.28922,-0.40786,0,0
6.95,0.30924,-0.1071,0.5,0.3929,-0.30924,0,-0.30924,-0.3929,0,0
7,0.32849,-0.12305,0.5,0.37695,-0.32849,0,-0.32849,-0.37695,0,0
7.05,0.34692,-0.13994,0.5,0.36006,-0.34692,0,-0.34692,-0.36006,0,0
7.1,0.36448,-0.15773,0.5,0.34227,-0.36448,0,-0.36448,-0.34227,0,0
7.15,0.38114,-0.17637,0.5,0.32363,-0.38114,0,-0.38114,-0.32363,0,0
7.2,0.39683,-0.19582,0.5,0.30418,-0.39683,0,-0.39683,-0.30418,0,0
7.25,0.41154,-0.21604,0.5,0.28396,-0.41154,0,-0.41154,-0.28396,0,0
7.3,0.42522,-0.23696,0.5,0.26304,-0.42522,0,-0.42522,-0.26304,0,0
7.35,0.43783,-0.25854,0.5,0.24146,-0.43783,0,-0.43783,-0.24146,0,0
7.4,0.44935,-0.28073,0.5,0.21927,-0.44935,0,-0.44935,-0.21927,0,0
7.45,0.45975,-0.30346,0.5,0.19654,-0.45975,0,-0.45975,-0.19654,0,0
7.5,0.469,-0.32668,0.5,0.17332,-0.469,0,-0.469,-0.17332,0,0
7.55,0.47708,-0.35034,0.5,0.14966,-0.47708,0,-0.47708,-0.14966,0,0
7.6,0.48396,-0.37437,0.5,0.12563,-0.48396,0,-0.48396,-0.12563,0,0
7.65,0.48963,-0.39871,0.5,0.10129,-0.48963,0,-0.48963,-0.10129,0,0
7.7,0.49408,-0.42331,0.5,0.076687,-0.49408,0,-0.49408,-0.076687,0,0
7.75,0.4973,-0.4481,0.5,0.051897,-0.4973,0,-0.4973,-0.051897,0,0
7.8,0.49927,-0.47302,0.5,0.026978,-0.49927,0,-0.49927,-0.026978,0,0
7.85,0.5,-0.49801,0.5,0.0019908,-0.5,0,-0.5,-0.0019908,0,0
7.9,0.49947,-0.523,0.5,-0.023001,-0.49947,0,-0.49947,0.023001,0,0
7.95,0.4977,-0.54794,0.5,-0.047935,-0.4977,0,-0.4977,0.047935,0,0
8,0.49468,-0.57275,0.5,-0.07275,-0.49468,0,-0.49468,0.07275,0,0
8.05,0.49042,-0.59738,0.5,-0.097383,-0.49042,0,-0.49042,0.097383,0,0
8.1,0.48494,-0.62177,0.5,-0.12177,-0.48494,0,-0.48494,0.12177,0,0
8.15,0.47825,-0.64586,0.5,-0.14586,-0.47825,0,-0.47825,0.14586,0,0
8.2,0.47037,-0.66958,0.5,-0.16958,-0.47037,0,-0.47037,0.16958,0,0
8.25,0.4613,-0.69287,0.5,-0.19287,-0.4613,0,-0.4613,0.19287,0,0
8.3,0.45109,-0.71569,0.5,-0.21569,-0.45109,0,-0.45109,0.21569,0,0
8.35,0.43974,-0.73796,0.5,-0.23796,-0.43974,0,-0.43974,0.23796,0,0
8.4,0.4273,-0.75964,0.5,-0.25964,-0.4273,0,-0.4273,0.25964,0,0
8.45,0.41379,-0.78068,0.5,-0.28068,-0.41379,0,-0.41379,0.28068,0,0
8.5,0.39924,-0.80101,0.5,-0.30101,-0.39924,0,-0.39924,0.30101,0,0
8.55,0.3837,-0.82058,0.5,-0.32058,-0.3837,0,-0.3837,0.32058,0,0
8.6,0.3672,-0.83936,0.5,-0.33936,-0.3672,0,-0.3672,0.33936,0,0
8.65,0.34978,-0.85729,0.5,-0.35729,-0.34978,0,-0.34978,0.35729,0,0
8.7,0.33148,-0.87432,0.5,-0.37432,-0.33148,0,-0.33148,0.37432,0,0
8.75,0.31236,-0.89042,0.5,-0.39042,-0.31236,0,-0.31236,0.39042,0,0
8.8,0.29246,-0.90555,0.5,-0.40555,-0.29246,0,-0.29246,0.40555,0,0
8.85,0.27182,-0.91966,0.5,-0.41966,-0.27182,0,-0.27182,0.41966,0,0
8.9,0.25051,-0.93272,0.5,-0.43272,-0.25051,0,-0.25051,0.43272,0,0
8.95,0.22857,-0.9447,0.5,-0.4447,-0.22857,0,-0.22857,0.4447,0,0
9,0.20606,-0.95557,0.5,-0.45557,-0.20606,0,-0.20606,0.45557,0,0
9.05,0.18303,-0.96529,0.5,-0.46529,-0.18303,0,-0.18303,0.46529,0,0
9.1,0.15955,-0.97386,0.5,-0.47386,-0.15955,0,-0.15955,0.47386,0,0
9.15,0.13567,-0.98124,0.5,-0.48124,-0.13567,0,-0.13567,0.48124,0,0
9.2,0.11144,-0.98742,0.5,-0.48742,-0.11144,0,-0.11144,0.48742,0,0
9.25,0.086945,-0.99238,0.5,-0.49238,-0.086945,0,-0.086945,0.49238,0,0
9.3,0.062227,-0.99611,0.5,-0.49611,-0.062227,0,-0.062227,0.49611,0,0
9.35,0.037354,-0.9986,0.5,-0.4986,-0.037354,0,-0.037354,0.4986,0,0
9.4,0.012388,-0.99985,0.5,-0.49985,-0.012388,0,-0.012388,0.49985,0,0
9.45,-0.01261,-0.99984,0.5,-0.49984,0.01261,0,0.01261,0.49984,0,0
9.5,-0.037576,-0.99859,0.5,-0.49859,0.037576,0,0.037576,0.49859,0,0
9.55,-0.062448,-0.99608,0.5,-0.49608,0.062448,0,0.062448,0.49608,0,0
9.6,-0.087163,-0.99234,0.5,-0.49234,0.087163,0,0.087163,0.49234,0,0
9.65,-0.11166,-0.98737,0.5,-0.48737,0.11166,0,0.11166,0.48737,0,0
9.7,-0.13588,-0.98118,0.5,-0.48118,0.13588,0,0.13588,0.48118,0,0
9.75,-0.15976,-0.97379,0.5,-0.47379,0.15976,0,0.15976,0.47379,0,0
9.8,-0.18324,-0.96521,0.5,-0.46521,0.18324,0,0.18324,0.46521,0,0
9.85,-0.20626,-0.95547,0.5,-0.45547,0.20626,0,0.20626,0.45547,0,0
9.9,-0.22877,-0.9446,0.5,-0.4446,0.22877,0,0.22877,0.4446,0,0
9.95,-0.2507,-0.93261,0.5,-0.43261,0.2507,0,0.2507,0.43261,0,0
10,-0.27201,-0.91954,0.5,-0.41954,0.27201,0,0.27201,0.41954,0,0
10.05,-0.29264,-0.90542,0.5,-0.40542,0.29264,0,0.29264,0.40542,0,0
10.1,-0.31254,-0.89028,0.5,-0.39028,0.31254,0,0.31254,0.39028,0,0
10.15,-0.33165,-0.87418,0.5,-0.37418,0.33165,0,0.33165,0.37418,0,0
10.2,-0.34994,-0.85713,0.5,-0.35713,0.34994,0,0.34994,0.35713,0,0
10.25,-0.36735,-0.8392,0.5,-0.3392,0.36735,0,0.36735,0.3392,0,0
10.3,-0.38384,-0.82041,0.5,-0.32041,0.38384,0,0.38384,0.32041,0,0
10.35,-0.39938,-0.80083,0.5,-0.30083,0.39938,0,0.39938,0.30083,0,0
10.4,-0.41391,-0.78049,0.5,-0.28049,0.41391,0,0.41391,0.28049,0,0
10.45,-0.42741,-0.75945,0.5,-0.25945,0.42741,0,0.42741,0.25945,0,0
10.5,-0.43985,-0.73777,0.5,-0.23777,0.43985,0,0.43985,0.23777,0,0
10.55,-0.45118,-0.71549,0.5,-0.21549,0.45118,0,0.45118,0.21549,0,0
10.6,-0.46139,-0.69267,0.5,-0.19267,0.46139,0,0.46139,0.19267,0,0
10.65,-0.47044,-0.66937,0.5,-0.16937,0.47044,0,0.47044,0.16937,0,0
10.7,-0.47832,-0.64564,0.5,-0.14564,0.47832,0,0.47832,0.14564,0,0
10.75,-0.485,-0.62156,0.5,-0.12156,0.485,0,0.485,0.12156,0,0
10.8,-0.49047,-0.59716,0.5,-0.097165,0.49047,0,0.49047,0.097165,0,0
10.85,-0.49471,-0.57253,0.5,-0.07253,0.49471,0,0.49471,0.07253,0,0
10.9,-0.49772,-0.54771,0.5,-0.047714,0.49772,0,0.49772,0.047714,0,0
10.95,-0.49948,-0.52278,0.5,-0.022779,0.49948,0,0.49948,0.022779,0,0
11,-0.5,-0.49779,0.5,0.0022128,0.5,0,0.5,-0.0022128,0,0
11.05,-0.49926,-0.4728,0.5,0.027199,0.49926,0,0.49926,-0.027199,0,0
11.1,-0.49728,-0.44788,0.5,0.052118,0.49728,0,0.49728,-0.052118,0,0
11.15,-0.49405,-0.42309,0.5,0.076906,0.49405,0,0.49405,-0.076906,0,0
11.2,-0.48959,-0.3985,0.5,0.1015,0.48959,0,0.48959,-0.1015,0,0
11.25,-0.4839,-0.37416,0.5,0.12584,0.4839,0,0.4839,-0.12584,0,0
11.3,-0.47701,-0.35013,0.5,0.14987,0.47701,0,0.47701,-0.14987,0,0
11.35,-0.46892,-0.32647,0.5,0.17353,0.46892,0,0.46892,-0.17353,0,0
11.4,-0.45966,-0.30325,0.5,0.19675,0.45966,0,0.45966,-0.19675,0,0
11.45,-0.44926,-0.28053,0.5,0.21947,0.44926,0,0.44926,-0.21947,0,0
11.5,-0.43773,-0.25835,0.5,0.24165,0.43773,0,0.43773,-0.24165,0,0
11.55,-0.4251,-0.23677,0.5,0.26323,0.4251,0,0.4251,-0.26323,0,0
11.6,-0.41141,-0.21586,0.5,0.28414,0.41141,0,0.41141,-0.28414,0,0
11.65,-0.3967,-0.19565,0.5,0.30435,0.3967,0,0.3967,-0.30435,0,0
11.7,-0.38099,-0.1762,0.5,0.3238,0.38099,0,0.38099,-0.3238,0,0
11.75,-0.36433,-0.15756,0.5,0.34244,0.36433,0,0.36433,-0.34244,0,0
11.8,-0.34676,-0.13978,0.5,0.36022,0.34676,0,0.34676,-0.36022,0,0
11.85,-0.32833,-0.1229,0.5,0.3771,0.32833,0,0.32833,-0.3771,0,0
11.9,-0.30907,-0.10696,0.5,0.39304,0.30907,0,0.30907,-0.39304,0,0
11.95,-0.28904,-0.092009,0.5,0.40799,0.28904,0,0.28904,-0.40799,0,0
12,-0.26829,-0.078073,0.5,0.42193,0.26829,0,0.26829,-0.42193,0,0
12.05,-0.24686,-0.065192,0.5,0.43481,0.24686,0,0.24686,-0.43481,0,0
12.1,-0.22482,-0.053397,0.5,0.4466,0.22482,0,0.22482,-0.4466,0,0
12.15,-0.20222,-0.042719,0.5,0.45728,0.20222,0,0.20222,-0.45728,0,0
12.2,-0.17911,-0.033183,0.5,0.46682,0.17911,0,0.17911,-0.46682,0,0
12.25,-0.15556,-0.024815,0.5,0.47519,0.15556,0,0.15556,-0.47519,0,0
12.3,-0.13162,-0.017634,0.5,0.48237,0.13162,0,0.13162,-0.48237,0,0
12.35,-0.10734,-0.011658,0.5,0.48834,0.10734,0,0.10734,-0.48834,0,0
12.4,-0.082802,-0.0069038,0.5,0.4931,0.082802,0,0.082802,-0.4931,0,0
12.45,-0.058054,-0.0033817,0.5,0.49662,0.058054,0,0.058054,-0.49662,0,0
12.5,-0.033161,-0.0011009,0.5,0.4989,0.033161,0,0.033161,-0.4989,0,0
12.55,-0.0081849,-6.6998e-05,0.5,0.49993,0.0081849,0,0.0081849,-0.49993,0,0
12.6,0.016812,0.00028271,0.5,0.49972,0.016812,0,-0.016812,0.49972,0,0
12.65,0.041766,0.0017474,0.5,0.49825,0.041766,0,-0.041766,0.49825,0,0
12.7,0.066616,0.0044576,0.5,0.49554,0.066616,0,-0.066616,0.49554,0,0
12.75,0.0913,0.0084063,0.5,0.49159,0.0913,0,-0.0913,0.49159,0,0
12.8,0.11575,0.013584,0.5,0.48642,0.11575,0,-0.11575,0.48642,0,0
12.85,0.13992,0.019977,0.5,0.48002,0.13992,0,-0.13992,0.48002,0,0
12.9,0.16374,0.02757,0.5,0.47243,0.16374,0,-0.16374,0.47243,0,0
12.95,0.18714,0.036344,0.5,0.46366,0.18714,0,-0.18714,0.46366,0,0
13,0.21008,0.046277,0.5,0.45372,0.21008,0,-0.21008,0.45372,0,0
13.05,0.2325,0.057343,0.5,0.44266,0.2325,0,-0.2325,0.44266,0,0
13.1,0.25433,0.069517,0.5,0.43048,0.25433,0,-0.25433,0.43048,0,0
13.15,0.27553,0.082766,0.5,0.41723,0.27553,0,-0.27553,0.41723,0,0
13.2,0.29604,0.097058,0.5,0.40294,0.29604,0,-0.29604,0.40294,0,0
13.25,0.31581,0.11236,0.5,0.38764,0.31581,0,-0.31581,0.38764,0,0
13.3,0.33478,0.12863,0.5,0.37137,0.33478,0,-0.33478,0.37137,0,0
13.35,0.35293,0.14582,0.5,0.35418,0.35293,0,-0.35293,0.35418,0,0
13.4,0.37019,0.1639,0.5,0.3361,0.37019,0,-0.37019,0.3361,0,0
13.45,0.38652,0.18283,0.5,0.31717,0.38652,0,-0.38652,0.31717,0,0
13.5,0.40189,0.20254,0.5,0.29746,0.40189,0,-0.40189,0.29746,0,0
13.55,0.41626,0.223,0.5,0.277,0.41626,0,-0.41626,0.277,0,0
13.6,0.42958,0.24415,0.5,0.25585,0.42958,0,-0.42958,0.25585,0,0
13.65,0.44183,0.26594,0.5,0.23406,0.44183,0,-0.44183,0.23406,0,0
13.7,0.45298,0.28831,0.5,0.21169,0.45298,0,-0.45298,0.21169,0,0
13.75,0.46299,0.31122,0.5,0.18878,0.46299,0,-0.46299,0.18878,0,0
13.8,0.47185,0.33459,0.5,0.16541,0.47185,0,-0.47185,0.16541,0,0
13.85,0.47953,0.35838,0.5,0.14162,0.47953,0,-0.47953,0.14162,0,0
13.9,0.486,0.38253,0.5,0.11747,0.486,0,-0.486,0.11747,0,0
13.95,0.49127,0.40696,0.5,0.093038,0.49127,0,-0.49127,0.093038,0,0
14,0.4953,0.43163,0.5,0.068369,0.4953,0,-0.4953,0.068369,0,0
14.05,0.4981,0.45647,0.5,0.043528,0.4981,0,-0.4981,0.043528,0,0
14.1,0.49965,0.48142,0.5,0.018579,0.49965,0,-0.49965,0.018579,0,0
14.15,0.49996,0.50642,0.5,-0.0064164,0.49996,0,-0.49996,-0.0064164,0,0
14.2,0.49901,0.5314,0.5,-0.031396,0.49901,0,-0.49901,-0.031396,0,0
14.25,0.49682,0.5563,0.5,-0.056297,0.49682,0,-0.49682,-0.056297,0,0
14.3,0.49339,0.58106,0.5,-0.081057,0.49339,0,-0.49339,-0.081057,0,0
14.35,0.48872,0.60561,0.5,-0.10561,0.48872,0,-0.48872,-0.10561,0,0
14.4,0.48283,0.62991,0.5,-0.12991,0.48283,0,-0.48283,-0.12991,0,0
14.45,0.47573,0.65388,0.5,-0.15388,0.47573,0,-0.47573,-0.15388,0,0
14.5,0.46745,0.67746,0.5,-0.17746,0.46745,0,-0.46745,-0.17746,0,0
14.55,0.45799,0.7006,0.5,-0.2006,0.45799,0,-0.45799,-0.2006,0,0
14.6,0.4474,0.72324,0.5,-0.22324,0.4474,0,-0.4474,-0.22324,0,0
14.65,0.43568,0.74532,0.5,-0.24532,0.43568,0,-0.43568,-0.24532,0,0
14.7,0.42287,0.76679,0.5,-0.26679,0.42287,0,-0.42287,-0.26679,0,0
14.75,0.40901,0.78759,0.5,-0.28759,0.40901,0,-0.40901,-0.28759,0,0
14.8,0.39413,0.80768,0.5,-0.30768,0.39413,0,-0.39413,-0.30768,0,0
14.85,0.37826,0.82699,0.5,-0.32699,0.37826,0,-0.37826,-0.32699,0,0
14.9,0.36144,0.84549,0.5,-0.34549,0.36144,0,-0.36144,-0.34549,0,0
14.95,0.34372,0.86312,0.5,-0.36312,0.34372,0,-0.34372,-0.36312,0,0
15,0.32514,0.87984,0.5,-0.37984,0.32514,0,-0.32514,-0.37984,0,0
15.05,0.30575,0.89562,0.5,-0.39562,0.30575,0,-0.30575,-0.39562,0,0
15.1,0.2856,0.91041,0.5,-0.41041,0.2856,0,-0.2856,-0.41041,0,0
15.15,0.26473,0.92417,0.5,-0.42417,0.26473,0,-0.26473,-0.42417,0,0
15.2,0.2432,0.93687,0.5,-0.43687,0.2432,0,-0.2432,-0.43687,0,0
15.25,0.22106,0.94848,0.5,-0.44848,0.22106,0,-0.22106,-0.44848,0,0
15.3,0.19837,0.95897,0.5,-0.45897,0.19837,0,-0.19837,-0.45897,0,0
15.35,0.17518,0.96831,0.5,-0.46831,0.17518,0,-0.17518,-0.46831,0,0
15.4,0.15156,0.97648,0.5,-0.47648,0.15156,0,-0.15156,-0.47648,0,0
15.45,0.12756,0.98346,0.5,-0.48346,0.12756,0,-0.12756,-0.48346,0,0
15.5,0.10323,0.98923,0.5,-0.48923,0.10323,0,-0.10323,-0.48923,0,0
15.55,0.078654,0.99377,0.5,-0.49377,0.078654,0,-0.078654,-0.49377,0,0
15.6,0.053877,0.99709,0.5,-0.49709,0.053877,0,-0.053877,-0.49709,0,0
15.65,0.028965,0.99916,0.5,-0.49916,0.028965,0,-0.028965,-0.49916,0,0
15.7,0.0039816,0.99998,0.5,-0.49998,0.0039816,0,-0.0039816,-0.49998,0,0
15.75,-0.021012,0.99956,0.5,-0.49956,-0.021012,0,0.021012,-0.49956,0,0
15.8,-0.045953,0.99788,0.5,-0.49788,-0.045953,0,0.045953,-0.49788,0,0
15.85,-0.07078,0.99496,0.5,-0.49496,-0.07078,0,0.07078,-0.49496,0,0
15.9,-0.095429,0.99081,0.5,-0.49081,-0.095429,0,0.095429,-0.49081,0,0
15.95,-0.11984,0.98543,0.5,-0.48543,-0.11984,0,0.11984,-0.48543,0,0
16,-0.14395,0.97883,0.5,-0.47883,-0.14395,0,0.14395,-0.47883,0,0
16.05,-0.1677,0.97104,0.5,-0.47104,-0.1677,0,0.1677,-0.47104,0,0
16.1,-0.19104,0.96207,0.5,-0.46207,-0.19104,0,0.19104,-0.46207,0,0
16.15,-0.21389,0.95194,0.5,-0.45194,-0.21389,0,0.21389,-0.45194,0,0
16.2,-0.23621,0.94069,0.5,-0.44069,-0.23621,0,0.23621,-0.44069,0,0
16.25,-0.25794,0.92833,0.5,-0.42833,-0.25794,0,0.25794,-0.42833,0,0
16.3,-0.27903,0.9149,0.5,-0.4149,-0.27903,0,0.27903,-0.4149,0,0
16.35,-0.29941,0.90044,0.5,-0.40044,-0.29941,0,0.29941,-0.40044,0,0
16.4,-0.31905,0.88497,0.5,-0.38497,-0.31905,0,0.31905,-0.38497,0,0
16.45,-0.3379,0.86855,0.5,-0.36855,-0.3379,0,0.3379,-0.36855,0,0
16.5,-0.35589,0.8512,0.5,-0.3512,-0.35589,0,0.35589,-0.3512,0,0
16.55,-0.373,0.83297,0.5,-0.33297,-0.373,0,0.373,-0.33297,0,0
16.6,-0.38918,0.81391,0.5,-0.31391,-0.38918,0,0.38918,-0.31391,0,0
16.65,-0.40438,0.79407,0.5,-0.29407,-0.40438,0,0.40438,-0.29407,0,0
16.7,-0.41857,0.77349,0.5,-0.27349,-0.41857,0,0.41857,-0.27349,0,0
16.75,-0.43172,0.75223,0.5,-0.25223,-0.43172,0,0.43172,-0.25223,0,0
16.8,-0.44378,0.73034,0.5,-0.23034,-0.44378,0,0.44378,-0.23034,0,0
16.85,-0.45474,0.70787,0.5,-0.20787,-0.45474,0,0.45474,-0.20787,0,0
16.9,-0.46456,0.68488,0.5,-0.18488,-0.46456,0,0.46456,-0.18488,0,0
16.95,-0.47322,0.66143,0.5,-0.16143,-0.47322,0,0.47322,-0.16143,0,0
17,-0.4807,0.63758,0.5,-0.13758,-0.4807,0,0.4807,-0.13758,0,0
17.05,-0.48697,0.61338,0.5,-0.11338,-0.48697,0,0.48697,-0.11338,0,0
17.1,-0.49203,0.5889,0.5,-0.088905,-0.49203,0,0.49203,-0.088905,0,0
17.15,-0.49586,0.5642,0.5,-0.064202,-0.49586,0,0.49586,-0.064202,0,0
17.2,-0.49845,0.53934,0.5,-0.039339,-0.49845,0,0.49845,-0.039339,0,0
17.25,-0.49979,0.51438,0.5,-0.014378,-0.49979,0,0.49979,-0.014378,0,0
17.3,-0.49989,0.48938,0.5,0.010619,-0.49989,0,0.49989,0.010619,0,0
17.35,-0.49873,0.46441,0.5,0.03559,-0.49873,0,0.49873,0.03559,0,0
17.4,-0.49633,0.43953,0.5,0.060472,-0.49633,0,0.49633,0.060472,0,0
17.45,-0.49269,0.4148,0.5,0.085202,-0.49269,0,0.49269,0.085202,0,0
17.5,-0.48781,0.39028,0.5,0.10972,-0.48781,0,0.48781,0.10972,0,0
17.55,-0.48172,0.36604,0.5,0.13396,-0.48172,0,0.48172,0.13396,0,0
17.6,-0.47442,0.34213,0.5,0.15787,-0.47442,0,0.47442,0.15787,0,0
17.65,-0.46594,0.31861,0.5,0.18139,-0.46594,0,0.46594,0.18139,0,0
17.7,-0.45629,0.29555,0.5,0.20445,-0.45629,0,0.45629,0.20445,0,0
17.75,-0.4455,0.273,0.5,0.227,-0.4455,0,0.4455,0.227,0,0
17.8,-0.4336,0.25102,0.5,0.24898,-0.4336,0,0.4336,0.24898,0,0
17.85,-0.42062,0.22966,0.5,0.27034,-0.42062,0,0.42062,0.27034,0,0
17.9,-0.40658,0.20898,0.5,0.29102,-0.40658,0,0.40658,0.29102,0,0
17.95,-0.39153,0.18902,0.5,0.31098,-0.39153,0,0.39153,0.31098,0,0
18,-0.37549,0.16984,0.5,0.33016,-0.37549,0,0.37549,0.33016,0,0
18.05,-0.35852,0.15149,0.5,0.34851,-0.35852,0,0.35852,0.34851,0,0
18.1,-0.34066,0.134,0.5,0.366,-0.34066,0,0.34066,0.366,0,0
18.15,-0.32194,0.11744,0.5,0.38256,-0.32194,0,0.32194,0.38256,0,0
18.2,-0.30242,0.10182,0.5,0.39818,-0.30242,0,0.30242,0.39818,0,0
18.25,-0.28214,0.087207,0.5,0.41279,-0.28214,0,0.28214,0.41279,0,0
18.3,-0.26115,0.073622,0.5,0.42638,-0.26115,0,0.26115,0.42638,0,0
18.35,-0.23952,0.061102,0.5,0.4389,-0.23952,0,0.23952,0.4389,0,0
18.4,-0.21728,0.04968,0.5,0.45032,-0.21728,0,0.21728,0.45032,0,0
18.45,-0.1945,0.039383,0.5,0.46062,-0.1945,0,0.1945,0.46062,0,0
18.5,-0.17124,0.030238,0.5,0.46976,-0.17124,0,0.17124,0.46976,0,0
18.55,-0.14755,0.022266,0.5,0.47773,-0.14755,0,0.14755,0.47773,0,0
18.6,-0.12349,0.015489,0.5,0.48451,-0.12349,0,0.12349,0.48451,0,0
18.65,-0.099117,0.0099226,0.5,0.49008,-0.099117,0,0.099117,0.49008,0,0
18.7,-0.0745,0.0055813,0.5,0.49442,-0.0745,0,0.0745,0.49442,0,0
18.75,-0.049696,0.0024758,0.5,0.49752,-0.049696,0,0.049696,0.49752,0,0
18.8,-0.024768,0.00061382,0.5,0.49939,-0.024768,0,0.024768,0.49939,0,0
18.85,0.00022204,-4.9301e-08,0.5,0.5,-0.00022204,0,-0.00022204,-0.5,0,0
18.9,0.025211,-0.00063602,0.5,0.49936,-0.025211,0,-0.025211,-0.49936,0,0
18.95,0.050138,-0.0025201,0.5,0.49748,-0.050138,0,-0.050138,-0.49748,0,0
19,0.074939,-0.0056477,0.5,0.49435,-0.074939,0,-0.074939,-0.49435,0,0
19.05,0.099552,-0.010011,0.5,0.48999,-0.099552,0,-0.099552,-0.48999,0,0
19.1,0.12392,-0.015599,0.5,0.4844,-0.12392,0,-0.12392,-0.4844,0,0
19.15,0.14797,-0.022397,0.5,0.4776,-0.14797,0,-0.14797,-0.4776,0,0
19.2,0.17166,-0.03039,0.5,0.46961,-0.17166,0,-0.17166,-0.46961,0,0
19.25,0.19491,-0.039556,0.5,0.46044,-0.19491,0,-0.19491,-0.46044,0,0
19.3,0.21768,-0.049873,0.5,0.45013,-0.21768,0,-0.21768,-0.45013,0,0
19.35,0.23991,-0.061315,0.5,0.43868,-0.23991,0,-0.23991,-0.43868,0,0
19.4,0.26153,-0.073854,0.5,0.42615,-0.26153,0,-0.26153,-0.42615,0,0
19.45,0.2825,-0.087458,0.5,0.41254,-0.2825,0,-0.2825,-0.41254,0,0
19.5,0.30277,-0.10209,0.5,0.39791,-0.30277,0,-0.30277,-0.39791,0,0
19.55,0.32228,-0.11772,0.5,0.38228,-0.32228,0,-0.32228,-0.38228,0,0
19.6,0.34098,-0.13431,0.5,0.36569,-0.34098,0,-0.34098,-0.36569,0,0
19.65,0.35883,-0.15181,0.5,0.34819,-0.35883,0,-0.35883,-0.34819,0,0
19.7,0.37579,-0.17018,0.5,0.32982,-0.37579,0,-0.37579,-0.32982,0,0
19.75,0.3918,-0.18937,0.5,0.31063,-0.3918,0,-0.3918,-0.31063,0,0
19.8,0.40684,-0.20934,0.5,0.29066,-0.40684,0,-0.40684,-0.29066,0,0
19.85,0.42086,-0.23004,0.5,0.26996,-0.42086,0,-0.42086,-0.26996,0,0
19.9,0.43382,-0.25141,0.5,0.24859,-0.43382,0,-0.43382,-0.24859,0,0
19.95,0.4457,-0.2734,0.5,0.2266,-0.4457,0,-0.4457,-0.2266,0,0
